,pass@1,pass@5,pass@10
0,0.30425531914893617,0.5407801418439716,0.6382978723404256
