,pass@1,pass@5,pass@10
0,0.08771929824561403,0.3005430242272347,0.45614035087719296
