,pass@1,pass@5,pass@10
0,0.5719298245614035,0.6662489557226399,0.7017543859649122
