,pass@1,pass@5,pass@10
0,0.3957446808510638,0.5894123606889564,0.6382978723404256
