,pass@1,pass@5,pass@10
0,0.15263157894736845,0.35964912280701755,0.5087719298245614
