,pass@1,pass@5,pass@10
0,0.3929824561403509,0.6209969367864105,0.6842105263157895
