,pass@1,pass@5,pass@10
0,0.45438596491228067,0.6875522138680032,0.7719298245614035
