,pass@1,pass@5,pass@10
0,0.17719298245614037,0.49763297131718187,0.631578947368421
