,pass@1,pass@5,pass@10
0,0.6368421052631579,0.724937343358396,0.7543859649122807
