,pass@1,pass@5,pass@10
0,0.11702127659574468,0.28799392097264437,0.3829787234042553
