,pass@1,pass@5,pass@10
0,0.11914893617021276,0.24940898345153661,0.3191489361702128
