,pass@1,pass@5,pass@10
0,0.5087719298245614,0.6949317738791424,0.7543859649122807
