,pass@1,pass@5,pass@10
0,0.3684210526315789,0.6421609579504317,0.7192982456140351
