,pass@1,pass@5,pass@10
0,0.28297872340425534,0.5195035460992908,0.6170212765957447
