,pass@1,pass@5,pass@10
0,0.4105263157894737,0.665204678362573,0.7543859649122807
