,pass@1,pass@5,pass@10
0,0.17192982456140352,0.3486494012809802,0.43859649122807015
