,pass@1,pass@5,pass@10
0,0.14210526315789473,0.3367446393762183,0.40350877192982454
