,pass@1,pass@5,pass@10
0,0.3508771929824561,0.6159147869674186,0.7192982456140351
