,pass@1,pass@5,pass@10
0,0.24385964912280703,0.5146895015316069,0.6666666666666666
