,pass@1,pass@5,pass@10
0,0.1736842105263158,0.35352269562795874,0.43859649122807015
