,pass@1,pass@5,pass@10
0,0.5333333333333333,0.6903369534948484,0.7368421052631579
