,pass@1,pass@5,pass@10
0,0.012280701754385965,0.017543859649122806,0.017543859649122806
