,pass@1,pass@5,pass@10
0,0.35263157894736846,0.6505151768309664,0.7368421052631579
