,pass@1,pass@5,pass@10
0,0.14255319148936169,0.34067882472137795,0.44680851063829785
