,pass@1,pass@5,pass@10
0,0.4851063829787235,0.7261060452549815,0.7872340425531915
