,pass@1,pass@5,pass@10
0,0.531578947368421,0.6970899470899472,0.7543859649122807
