,pass@1,pass@5,pass@10
0,0.5807017543859648,0.7479114452798663,0.7894736842105263
