,pass@1,pass@5,pass@10
0,0.19824561403508772,0.5081453634085213,0.6491228070175439
