,pass@1,pass@5,pass@10
0,0.45964912280701753,0.6038011695906432,0.6491228070175439
