,pass@1,pass@5,pass@10
0,0.20701754385964913,0.485171261487051,0.5789473684210527
