,pass@1,pass@5,pass@10
0,0.4736842105263157,0.6860902255639099,0.7368421052631579
