,pass@1,pass@5,pass@10
0,0.3765957446808511,0.5940560621411686,0.6170212765957447
