,pass@1,pass@5,pass@10
0,0.46491228070175433,0.678849902534113,0.7192982456140351
