,pass@1,pass@5,pass@10
0,0.5280701754385965,0.7372598162071846,0.7894736842105263
