,pass@1,pass@5,pass@10
0,0.12280701754385968,0.3847813979392926,0.5263157894736842
