,pass@1,pass@5,pass@10
0,0.14912280701754385,0.36647173489278745,0.47368421052631576
