,pass@1,pass@5,pass@10
0,0.18070175438596492,0.4215399610136452,0.5087719298245614
