,pass@1,pass@5,pass@10
0,0.05087719298245614,0.1881091617933723,0.2982456140350877
