,pass@1,pass@5,pass@10
0,0.13829787234042554,0.2978723404255319,0.3829787234042553
