,pass@1,pass@5,pass@10
0,0.47017543859649125,0.6541353383458647,0.6842105263157895
