,pass@1,pass@5,pass@10
0,0.3192982456140351,0.5767195767195767,0.6842105263157895
