,pass@1,pass@5,pass@10
0,0.29473684210526313,0.44876079086605397,0.543859649122807
