,pass@1,pass@5,pass@10
0,0.0824561403508772,0.25737956001113893,0.3684210526315789
