,pass@1,pass@5,pass@10
0,0.4701754385964912,0.6541353383458648,0.6842105263157895
