,pass@1,pass@5,pass@10
0,0.31754385964912285,0.5999025341130604,0.7192982456140351
