,pass@1,pass@5,pass@10
0,0.8702127659574468,0.8723404255319149,0.8723404255319149
