,pass@1,pass@5,pass@10
0,0.42127659574468085,0.640999662276258,0.7021276595744681
