,pass@1,pass@5,pass@10
0,0.3333333333333333,0.5536758563074353,0.7017543859649122
