,pass@1,pass@5,pass@10
0,0.43191489361702134,0.6879432624113474,0.723404255319149
