,pass@1,pass@5,pass@10
0,0.24912280701754388,0.49429128376496795,0.5789473684210527
