,pass@1,pass@5,pass@10
0,0.43617021276595747,0.6426038500506586,0.7021276595744681
