,pass@1,pass@5,pass@10
0,0.4245614035087719,0.6257309941520467,0.6842105263157895
