,pass@1,pass@5,pass@10
0,0.35964912280701755,0.6120161514898357,0.7192982456140351
