,pass@1,pass@5,pass@10
0,0.07872340425531914,0.24772036474164133,0.3829787234042553
