,pass@1,pass@5,pass@10
0,0.5614035087719298,0.708994708994709,0.7543859649122807
