,pass@1,pass@5,pass@10
0,0.9629629629629629,0.9629629629629629,0.9629629629629629
