,pass@1,pass@5,pass@10
0,0.07234042553191489,0.21580547112462006,0.3191489361702128
